<samp>behemoth</samp>	<samp>der Koloss &nbsp;<a href="/pages/flecttab/flectionTable.php?kvz=4dkrADn71HeCbYC86wSPgvtmz_-hDVHypCnrUYtNNPMzOsAoG5LNkzuWKW6AaaLwdxiLkc3N0XCHPUXfnFFdVQ7BXGdWSwNFZ5-7ch2aoseuHYHPvdQtdAtRXz32awSixz8dsG7LpDdGHUCPvRQ9dIsTyf3X7dbCl087tj27RDZUuod_DfAAZBe&amp;lp=ende&amp;lang=de" data-dz-ui="dictentry:showFlecttab" data-dz-flex-table-1="4dkrADn71HeCbYC86wSPgvtmz_-hDVHypCnrUYtNNPMzOsAoG5LNkzuWKW6AaaLwdxiLkc3N0XCHPUXfnFFdVQ7BXGdWSwNFZ5-7ch2aoseuHYHPvdQtdAtRXz32awSixz8dsG7LpDdGHUCPvRQ9dIsTyf3X7dbCl087tj27RDZUuod_DfAAZBe" data-dz-flex-label-1="Koloss" title="Substantivtabelle öffnen" aria-label="Substantivtabelle öffnen" class="is-clickable"><small><i><span title="Plural">Pl.:</span></i> die Kolosse</small></a></samp>
<samp>behemoth <small><i>[<span title="figurativ">fig.</span>]</i></small></samp>	<samp>der Gigant &nbsp;<a href="/pages/flecttab/flectionTable.php?kvz=4dkrADn71HeCbYC86wSPgvtmz_-hDVHyBCnrUDtdQIZTe1ZZGmUtAhtXjGvC62IWxz96Ri7OgqL0vdZ-HmLsB00i2afRKlLkQdiZ9nttomt0OrZfGxLNUt0h-a32hTREEXlbBSuLoq10-_ZfmwDNkp0Hf3-W_VIUQVldBlqbFWHUHAAPonN&amp;lp=ende&amp;lang=de" data-dz-ui="dictentry:showFlecttab" data-dz-flex-table-1="4dkrADn71HeCbYC86wSPgvtmz_-hDVHyBCnrUDtdQIZTe1ZZGmUtAhtXjGvC62IWxz96Ri7OgqL0vdZ-HmLsB00i2afRKlLkQdiZ9nttomt0OrZfGxLNUt0h-a32hTREEXlbBSuLoq10-_ZfmwDNkp0Hf3-W_VIUQVldBlqbFWHUHAAPonN" data-dz-flex-label-1="Gigant" title="Substantivtabelle öffnen" aria-label="Substantivtabelle öffnen" class="is-clickable"><small><i><span title="Plural">Pl.:</span></i> die Giganten</small></a></samp>
<samp>to belay  &nbsp;<a href="/pages/flecttab/flectionTable.php?kvz=4dkrADn71HeCbYCs67UP8lumz53RnXH3B-mrUdpdQIZTe1ZZGnQ9Em5XfxvCK9Jixu2d9SotFSHSa1UpS3SrQhjWP35GLBcjANyN1_5d0mF3O9H4W8G7dAABdMl&amp;lp=ende&amp;lang=de" data-dz-ui="dictentry:showFlecttab" data-dz-flex-table-1="4dkrADn71HeCbYCs67UP8lumz53RnXH3B-mrUdpdQIZTe1ZZGnQ9Em5XfxvCK9Jixu2d9SotFSHSa1UpS3SrQhjWP35GLBcjANyN1_5d0mF3O9H4W8G7dAABdMl" data-dz-flex-label-1="belay" title="Verbtabelle öffnen" aria-label="Verbtabelle öffnen" class="is-clickable"><small>|&nbsp;belayed, belayed&nbsp;|</small></a></samp>	<samp>festmachen &nbsp;<a href="/pages/flecttab/flectionTable.php?kvz=4dkrADn71HeCbYC86wUP8lumz53RnXJXdzloEOstBOGkWrG9ytJrcsqhmeuQzsYCFVl7YJ1a0BdXrYDZ-wLLkzuWJ7uADsJUxu_6xB3XEpIHPUXfnFFdVQXBLPyVP1fRgX-6k9uNheIUfICv6iRL1DyAL_6HO2SkhvC6odv7wbGkPYZ6HaftV30Bf73TLZUBg9r9cA0bVMfiasZcmwJqQwvHXGAGiQt&amp;lp=ende&amp;lang=de" data-dz-ui="dictentry:showFlecttab" data-dz-flex-table-1="4dkrADn71HeCbYC86wUP8lumz53RnXJXdzloEOstBOGkWrG9ytJrcsqhmeuQzsYCFVl7YJ1a0BdXrYDZ-wLLkzuWJ7uADsJUxu_6xB3XEpIHPUXfnFFdVQXBLPyVP1fRgX-6k9uNheIUfICv6iRL1DyAL_6HO2SkhvC6odv7wbGkPYZ6HaftV30Bf73TLZUBg9r9cA0bVMfiasZcmwJqQwvHXGAGiQt" data-dz-flex-label-1="festmachen" title="Verbtabelle öffnen" aria-label="Verbtabelle öffnen" class="is-clickable"><small>|&nbsp;machte fest, festgemacht&nbsp;|</small></a></samp>
<samp>to belay &nbsp;<a href="/pages/flecttab/flectionTable.php?kvz=4dkrADn71HeCbYCs67UP8lumz53RnXH3B-mrUdpdQIZTe1ZZGnQ9Em5XfxvCK9Jixu2d9SotFSHSa1UpS3SrQhjWP35GLBcjANyN1_5d0mF3O9H4W8G7dAABdMl&amp;lp=ende&amp;lang=de" data-dz-ui="dictentry:showFlecttab" data-dz-flex-table-1="4dkrADn71HeCbYCs67UP8lumz53RnXH3B-mrUdpdQIZTe1ZZGnQ9Em5XfxvCK9Jixu2d9SotFSHSa1UpS3SrQhjWP35GLBcjANyN1_5d0mF3O9H4W8G7dAABdMl" data-dz-flex-label-1="belay" title="Verbtabelle öffnen" aria-label="Verbtabelle öffnen" class="is-clickable"><small>|&nbsp;belayed, belayed&nbsp;|</small></a> &nbsp;&nbsp;- <small><i>usually in the imperative</i></small> <span class="repr-domain"><small>[<span title="Nautik">NAUT.</span>]</small></span></samp>	<samp>aufhören &nbsp;<a href="/pages/flecttab/flectionTable.php?kvz=4dkrADn71HeCbYC86wUP8lumz53RnXJXdzloEOstBOGkWrG9ytJrcsqhmeuQzsYCFVl7YJ1a0BdXrYDZ-wLLkzuWL7uAfsNUB7OLPLo24qLEflZ_HnLs5SyCvz6FLNdQIgydUfgNhPGTvjZOawKq8v1Hv0zmHsJUgXiRcfvq1IEXvfOfkKKdtA0E_zg27ZdCgN-_U9vtpEeC-7UoHfQ904sWKf31oYA&amp;lp=ende&amp;lang=de" data-dz-ui="dictentry:showFlecttab" data-dz-flex-table-1="4dkrADn71HeCbYC86wUP8lumz53RnXJXdzloEOstBOGkWrG9ytJrcsqhmeuQzsYCFVl7YJ1a0BdXrYDZ-wLLkzuWL7uAfsNUB7OLPLo24qLEflZ_HnLs5SyCvz6FLNdQIgydUfgNhPGTvjZOawKq8v1Hv0zmHsJUgXiRcfvq1IEXvfOfkKKdtA0E_zg27ZdCgN-_U9vtpEeC-7UoHfQ904sWKf31oYA" data-dz-flex-label-1="aufhören" title="Verbtabelle öffnen" aria-label="Verbtabelle öffnen" class="is-clickable"><small>|&nbsp;hörte auf, aufgehört&nbsp;|</small></a></samp>
<samp>brig</samp>	<samp>der Bunker &nbsp;<a href="/pages/flecttab/flectionTable.php?kvz=4dkrADn71HeCbYC86wSPgvtmz_-hDVHypCmrUKstVNby_2F4G4St5KrGKauA7sArZo-7l93N0XEXHQXfnFFdVQ7BXGtGSBNFZ5-7cg2acsSCHYHPvdQtdAtRXztGbUSixz8dsG7LlDiCHUCPvRQ9dIsTef2W7YbCl087tj27hDHzuod_DfAAN2u&amp;lp=ende&amp;lang=de" data-dz-ui="dictentry:showFlecttab" data-dz-flex-table-1="4dkrADn71HeCbYC86wSPgvtmz_-hDVHypCmrUKstVNby_2F4G4St5KrGKauA7sArZo-7l93N0XEXHQXfnFFdVQ7BXGtGSBNFZ5-7cg2acsSCHYHPvdQtdAtRXztGbUSixz8dsG7LlDiCHUCPvRQ9dIsTef2W7YbCl087tj27hDHzuod_DfAAN2u" data-dz-flex-label-1="Bunker" title="Substantivtabelle öffnen" aria-label="Substantivtabelle öffnen" class="is-clickable"><small><i><span title="Plural">Pl.:</span></i> die Bunker</small></a></samp>
<samp>to cripple so.  &nbsp;<a href="/pages/flecttab/flectionTable.php?kvz=4dkrADn71HeCbYCs67UP8lumz53RnXJXtClKUDp95DaWagA5HfVNsltHXGnW64LCt7_6hM2-RVHTa5ApLoVL0pjGOL2QfcUBoI6-Zn0Og2KUHlCvGtT6lA5XDxAAqlG&amp;lp=ende&amp;lang=de" data-dz-ui="dictentry:showFlecttab" data-dz-flex-table-1="4dkrADn71HeCbYCs67UP8lumz53RnXJXtClKUDp95DaWagA5HfVNsltHXGnW64LCt7_6hM2-RVHTa5ApLoVL0pjGOL2QfcUBoI6-Zn0Og2KUHlCvGtT6lA5XDxAAqlG" data-dz-flex-label-1="cripple" title="Verbtabelle öffnen" aria-label="Verbtabelle öffnen" class="is-clickable"><small>|&nbsp;crippled, crippled&nbsp;|</small></a></samp>	<samp>jmdn. verkrüppeln &nbsp;<a href="/pages/flecttab/flectionTable.php?kvz=4dkrADn71HeCbYC86wUP8lumz53RnXLnlClbUItN5KMyOsAoG5LNgyvnKX31aZKT5xiLFr7PFOHS66AZLfUqAh3HKW1V3AMkTei2UHtKxKD0fpfODZFMCU0iTz5k7BdCkB7_db5MM6F1uoAfm8G60h0AieuhazTC0Zxs8vo9JWcju2aOzkNo9IyC_zi2nZdDgNzshv2-JJdyi9G5zVLOUlqGuS6AzRACzzB&amp;lp=ende&amp;lang=de" data-dz-ui="dictentry:showFlecttab" data-dz-flex-table-1="4dkrADn71HeCbYC86wUP8lumz53RnXLnlClbUItN5KMyOsAoG5LNgyvnKX31aZKT5xiLFr7PFOHS66AZLfUqAh3HKW1V3AMkTei2UHtKxKD0fpfODZFMCU0iTz5k7BdCkB7_db5MM6F1uoAfm8G60h0AieuhazTC0Zxs8vo9JWcju2aOzkNo9IyC_zi2nZdDgNzshv2-JJdyi9G5zVLOUlqGuS6AzRACzzB" data-dz-flex-label-1="verkrüppeln" title="Verbtabelle öffnen" aria-label="Verbtabelle öffnen" class="is-clickable"><small>|&nbsp;verkrüppelte, verkrüppelt&nbsp;|</small></a></samp>
<samp>inert &nbsp;<small><i><span title="Adjektiv">Adj.</span></i></small></samp>	<samp>träge</samp>
<samp>to inhibit sth.  &nbsp;<a href="/pages/flecttab/flectionTable.php?kvz=4dkrADn71HeCbYCs67UP8lumz53RnXH3B-mrUdpdQIZTe1ZZGnQ9Em5XfxvCK9Jixu2d9SotFSHSa1Up-8Tr8pjHuS2RffUBoL6-Zn0Og2KUHlCvGtT6lA5XDxAA35O&amp;lp=ende&amp;lang=de" data-dz-ui="dictentry:showFlecttab" data-dz-flex-table-1="4dkrADn71HeCbYCs67UP8lumz53RnXH3B-mrUdpdQIZTe1ZZGnQ9Em5XfxvCK9Jixu2d9SotFSHSa1Up-8Tr8pjHuS2RffUBoL6-Zn0Og2KUHlCvGtT6lA5XDxAA35O" data-dz-flex-label-1="inhibit" title="Verbtabelle öffnen" aria-label="Verbtabelle öffnen" class="is-clickable"><small>|&nbsp;inhibited, inhibited&nbsp;|</small></a></samp>	<samp>etw.<small><sup class="noselect"><span title="Akkusativ">Akk.</span></sup></small> verhindern &nbsp;<a href="/pages/flecttab/flectionTable.php?kvz=4dkrADn71HeCbYC86wUP8lumz53RnXLnBCmrUNtNJIaD68HZG7CNU0tWWXp2a0JiVx8ewnvbJAblLcUtW9B95KrG7ruAu8QBAMkr4B0cwKDU_pfu7ZFNd9TRjz5k7BdCcJnskdyNU0CXHJH_fVT7A4uSfrsGmmIkQd_9h6keIsbTSqAZbFF90d0A_J3XzRSHwC6-B_0eobckG6CpW2Jqd9vR-DvBu1QBAXAAbsa&amp;lp=ende&amp;lang=de" data-dz-ui="dictentry:showFlecttab" data-dz-flex-table-1="4dkrADn71HeCbYC86wUP8lumz53RnXLnBCmrUNtNJIaD68HZG7CNU0tWWXp2a0JiVx8ewnvbJAblLcUtW9B95KrG7ruAu8QBAMkr4B0cwKDU_pfu7ZFNd9TRjz5k7BdCcJnskdyNU0CXHJH_fVT7A4uSfrsGmmIkQd_9h6keIsbTSqAZbFF90d0A_J3XzRSHwC6-B_0eobckG6CpW2Jqd9vR-DvBu1QBAXAAbsa" data-dz-flex-label-1="verhindern" title="Verbtabelle öffnen" aria-label="Verbtabelle öffnen" class="is-clickable"><small>|&nbsp;verhinderte, verhindert&nbsp;|</small></a></samp>
<samp>lathe <span class="repr-domain"><small>[<span title="Technik">TECH.</span>]</small></span></samp>	<samp>die Drehbank &nbsp;<a href="/pages/flecttab/flectionTable.php?kvz=4dkrADn71HeCbYC86wSPgvtmz_-hDVHypCmrUButQIZTe1ZZGmUtAhtXvGpyC0KBwZ98Rg3ew2EEbqS8q7Kr5K5Sf34WbsSip8j6sL7LRCdBO9ZfGyedUy0hqfzWfbVEEDlbBSuL4UFSLxCJrdLtRrvH9-2U6wTC0Xg7UfxtomAEktp&amp;lp=ende&amp;lang=de" data-dz-ui="dictentry:showFlecttab" data-dz-flex-table-1="4dkrADn71HeCbYC86wSPgvtmz_-hDVHypCmrUButQIZTe1ZZGmUtAhtXvGpyC0KBwZ98Rg3ew2EEbqS8q7Kr5K5Sf34WbsSip8j6sL7LRCdBO9ZfGyedUy0hqfzWfbVEEDlbBSuL4UFSLxCJrdLtRrvH9-2U6wTC0Xg7UfxtomAEktp" data-dz-flex-label-1="Drehbank" title="Substantivtabelle öffnen" aria-label="Substantivtabelle öffnen" class="is-clickable"><small><i><span title="Plural">Pl.:</span></i> die Drehbänke</small></a></samp>
<samp>lettuce</samp>	<samp>der Kopfsalat &nbsp;<a href="/pages/flecttab/flectionTable.php?kvz=4dkrADn71HeCbYC86wSPgvtmz_-hDVHyxCnrUEsN5IaWagA5HfVdw0tXKWnla-MKt7mqQDpbAqSVbpY8PdNu5IyCvzVVzsISxvn6UBgdKMFTzSb5LfLqlK2HXxuEzZISIdld9ruNhIIOK9Y5bfIrhK0HPRvC61TCQVkv0O3dBIF1O9H4nVLMwrk&amp;lp=ende&amp;lang=de" data-dz-ui="dictentry:showFlecttab" data-dz-flex-table-1="4dkrADn71HeCbYC86wSPgvtmz_-hDVHyxCnrUEsN5IaWagA5HfVdw0tXKWnla-MKt7mqQDpbAqSVbpY8PdNu5IyCvzVVzsISxvn6UBgdKMFTzSb5LfLqlK2HXxuEzZISIdld9ruNhIIOK9Y5bfIrhK0HPRvC61TCQVkv0O3dBIF1O9H4nVLMwrk" data-dz-flex-label-1="Kopfsalat" title="Substantivtabelle öffnen" aria-label="Substantivtabelle öffnen" class="is-clickable"><small><i><span title="Plural">Pl.:</span></i> die Kopfsalate</small></a></samp>
<samp>to mingle  &nbsp;<a href="/pages/flecttab/flectionTable.php?kvz=4dkrADn71HeCbYCs67UP8lumz53RnXJXtClKUDp95DaWagA5HfVNsltHXGnW64LCt7_6hM2-RVHTa5ApzoT7oucnOX2WbgVDgv88Vc2cQmIH7SF5ilQrBA0i7EQ&amp;lp=ende&amp;lang=de" data-dz-ui="dictentry:showFlecttab" data-dz-flex-table-1="4dkrADn71HeCbYCs67UP8lumz53RnXJXtClKUDp95DaWagA5HfVNsltHXGnW64LCt7_6hM2-RVHTa5ApzoT7oucnOX2WbgVDgv88Vc2cQmIH7SF5ilQrBA0i7EQ" data-dz-flex-label-1="mingle" title="Verbtabelle öffnen" aria-label="Verbtabelle öffnen" class="is-clickable"><small>|&nbsp;mingled, mingled&nbsp;|</small></a></samp>	<samp>sich<small><sup class="noselect"><span title="Akkusativ">Akk.</span></sup></small> unter die Leute mischen</samp>
<samp>plight</samp>	<samp>die Notlage &nbsp;<a href="/pages/flecttab/flectionTable.php?kvz=4dkrADn71HeCbYC86wSPgvtmz_-hDVHypCmrUBtd5DaWagA5HfVdw0tXKWm1a-NAlxnLkK390XCHPUXfnFFdVQ7BXG1WSwNFZ5xrwLe7hDF0u_N_mnLNUk0g75wQ_PLk0gkrwB2UkPeiDQZ_j-QrFgmhea2WPbOEht7NBlAAlaO&amp;lp=ende&amp;lang=de" data-dz-ui="dictentry:showFlecttab" data-dz-flex-table-1="4dkrADn71HeCbYC86wSPgvtmz_-hDVHypCmrUBtd5DaWagA5HfVdw0tXKWm1a-NAlxnLkK390XCHPUXfnFFdVQ7BXG1WSwNFZ5xrwLe7hDF0u_N_mnLNUk0g75wQ_PLk0gkrwB2UkPeiDQZ_j-QrFgmhea2WPbOEht7NBlAAlaO" data-dz-flex-label-1="Notlage" title="Substantivtabelle öffnen" aria-label="Substantivtabelle öffnen" class="is-clickable"><small><i><span title="Plural">Pl.:</span></i> die Notlagen</small></a></samp>
<samp>to proliferate  &nbsp;<a href="/pages/flecttab/flectionTable.php?kvz=4dkrADn71HeCbYCs67UP8lumz53RnXJXtClKUDp95DaWagA5HfVNsltHXGnW64LCt7_6hM2-RVHTa5ApHoVKEvmHmSsAejNEkRysV6yMAUFVvrZ-zhLOhAoHaLsQzsACmtt&amp;lp=ende&amp;lang=de" data-dz-ui="dictentry:showFlecttab" data-dz-flex-table-1="4dkrADn71HeCbYCs67UP8lumz53RnXJXtClKUDp95DaWagA5HfVNsltHXGnW64LCt7_6hM2-RVHTa5ApHoVKEvmHmSsAejNEkRysV6yMAUFVvrZ-zhLOhAoHaLsQzsACmtt" data-dz-flex-label-1="proliferate" title="Verbtabelle öffnen" aria-label="Verbtabelle öffnen" class="is-clickable"><small>|&nbsp;proliferated, proliferated&nbsp;|</small></a></samp>	<samp>sich<small><sup class="noselect"><span title="Akkusativ">Akk.</span></sup></small> ausbreiten &nbsp;<a href="/pages/flecttab/flectionTable.php?kvz=4dkrADn71HeCbYC86wUP8lumz53RnXJXdziY0GstROHTjQQYmhJqEt0nqJswu9wBJvs9kGt7RVNEbYB8O0Q7cuqxv7tBu8fU18iKdPo7lDaSTUXvToKk9IyCzzxVLZfR09a_ha2-BWSUOxa4DoNrhLr32U2QLeWyggnN8Ko9JWcje2UnGmrdZM6RLGzQ7dcmwg47Zj7OQ6KWbIGsK7Kqhv5S-eoG6ySkpykbUKst1SF3O9H4G8Qtd9ABLzZ&amp;lp=ende&amp;lang=de" data-dz-ui="dictentry:showFlecttab" data-dz-flex-table-1="4dkrADn71HeCbYC86wUP8lumz53RnXJXdziY0GstROHTjQQYmhJqEt0nqJswu9wBJvs9kGt7RVNEbYB8O0Q7cuqxv7tBu8fU18iKdPo7lDaSTUXvToKk9IyCzzxVLZfR09a_ha2-BWSUOxa4DoNrhLr32U2QLeWyggnN8Ko9JWcje2UnGmrdZM6RLGzQ7dcmwg47Zj7OQ6KWbIGsK7Kqhv5S-eoG6ySkpykbUKst1SF3O9H4G8Qtd9ABLzZ" data-dz-flex-label-1="ausbreiten" title="Verbtabelle öffnen" aria-label="Verbtabelle öffnen" class="is-clickable"><small>|&nbsp;breitete aus, ausgebreitet&nbsp;|</small></a></samp>
<samp>prosperity</samp>	<samp>der Wohlstand &nbsp;<a href="/pages/flecttab/flectionTable.php?kvz=4dkrADn71HeCbYC86wSPgvtmz_-hDVHy9CmrUBtt55bS_2F4G4St5KrGKauAbsF7Byl79vv9xCDUr-f83EKNByzCzj6FrQUiUp8ecOpapCc-HYHavdQddAqxXzf2a1SiBw8dUO29RIF0J4AZToT7dMvxX_5260aix0871j_dFPXCfQAfTfXr0wwBDxAAQii&amp;lp=ende&amp;lang=de" data-dz-ui="dictentry:showFlecttab" data-dz-flex-table-1="4dkrADn71HeCbYC86wSPgvtmz_-hDVHy9CmrUBtt55bS_2F4G4St5KrGKauAbsF7Byl79vv9xCDUr-f83EKNByzCzj6FrQUiUp8ecOpapCc-HYHavdQddAqxXzf2a1SiBw8dUO29RIF0J4AZToT7dMvxX_5260aix0871j_dFPXCfQAfTfXr0wwBDxAAQii" data-dz-flex-label-1="Wohlstand" title="Substantivtabelle öffnen" aria-label="Substantivtabelle öffnen" class="is-clickable"><small><i><span title="kein Plural">kein <span title="Plural">Pl.</span></span></i></small></a></samp>
<samp>rebar <small><i>[<span title="umgangssprachlich">ugs.</span>]</i></small> &nbsp;&nbsp;- <small><i>short for "reinforcing bar"</i></small> <span class="repr-domain"><small>[<span title="Ingenieurwesen">ING.</span>]</small></span></samp>	<samp>der Betonstahl &nbsp;<a href="/pages/flecttab/flectionTable.php?kvz=4dkrADn71HeCbYC86wSPgvtmz_-hDVHy9CmrUBttQIZTe1ZZGmUtAhtX3GsCKlL_hz8NUHwMQXD1vUS9znMu5Z5S334XbsSmp8j6sL0bJ_SDHQCPvVVddIvBX7uG7ESih88dEB295PIC6MBpvZQddEvRXzvEL3SEAR19QG2b4qFy7QF5GlPtBKAAbQ2%2Ckvz=4dkrADn71HeCbYC86wSPgvtmz_-hDVHy5CkrUcst5OaWagA5HfVdw0tXKWl160NAZy-71kwbE3IHfNdvHnLs1z0ALP31dxMkxplbRvo4out0u_ZfmmLN0k0heW32fbQEYX_7xlv7UbNyexZfWyLNUl8huSxgrZSCExmrlnv9UsGSugb4vNANMjt&amp;lp=ende&amp;lang=de" data-dz-ui="dictentry:showFlecttab" data-dz-flex-table-1="4dkrADn71HeCbYC86wSPgvtmz_-hDVHy9CmrUBttQIZTe1ZZGmUtAhtX3GsCKlL_hz8NUHwMQXD1vUS9znMu5Z5S334XbsSmp8j6sL0bJ_SDHQCPvVVddIvBX7uG7ESih88dEB295PIC6MBpvZQddEvRXzvEL3SEAR19QG2b4qFy7QF5GlPtBKAAbQ2" data-dz-flex-label-1="Betonstahl (1)" data-dz-flex-table-2="4dkrADn71HeCbYC86wSPgvtmz_-hDVHy5CkrUcst5OaWagA5HfVdw0tXKWl160NAZy-71kwbE3IHfNdvHnLs1z0ALP31dxMkxplbRvo4out0u_ZfmmLN0k0heW32fbQEYX_7xlv7UbNyexZfWyLNUl8huSxgrZSCExmrlnv9UsGSugb4vNANMjt" data-dz-flex-label-2="Betonstahl (2)" title="Substantivtabelle öffnen" aria-label="Substantivtabelle öffnen" class="is-clickable"><small><i><span title="Plural">Pl.:</span></i> die Betonstähle/die Betonstahle</small></a></samp>
<samp>ruckus</samp>	<samp>das Tohuwabohu &nbsp;<a href="/pages/flecttab/flectionTable.php?kvz=4dkrADn71HeCbYC86wSPgvtmz_-hDVHyNCkrUBvtR5ej_2F4G4St5KrGKauAbsFKByjrQYs7YmtErUXu3oLt1y0A_I3XLRfRkXibEbv702eXi5Z4bfG7ckvbX3sWzRLSwVmst7kc5PICK9AZXRT8om3HPx_2K4SEAR19cGsJwiF0O9H4fVLM7Kg&amp;lp=ende&amp;lang=de" data-dz-ui="dictentry:showFlecttab" data-dz-flex-table-1="4dkrADn71HeCbYC86wSPgvtmz_-hDVHyNCkrUBvtR5ej_2F4G4St5KrGKauAbsFKByjrQYs7YmtErUXu3oLt1y0A_I3XLRfRkXibEbv702eXi5Z4bfG7ckvbX3sWzRLSwVmst7kc5PICK9AZXRT8om3HPx_2K4SEAR19cGsJwiF0O9H4fVLM7Kg" data-dz-flex-label-1="Tohuwabohu" title="Substantivtabelle öffnen" aria-label="Substantivtabelle öffnen" class="is-clickable"><small><i><span title="Plural">Pl.:</span></i> die Tohuwabohus</small></a></samp>
<samp>skiff <span class="repr-domain"><small>[<span title="Nautik">NAUT.</span>]</small></span></samp>	<samp>das Ruderboot &nbsp;<a href="/pages/flecttab/flectionTable.php?kvz=4dkrADn71HeCbYC86wSPgvtmz_-hDVHypCibUApdQIZTe1ZZGmUtAhtX3GoDa1JWpvlLEA3aE2N3flZ_HnLs1z0ALP1VfbMkxplbFSZbNHFTzSb52MLN0k0hLx3QfFVEEDlbBSdb5PGSLMCJvRQ9dIlDuS3Q7dbCl0_79j2dhDbT3YZeHWc&amp;lp=ende&amp;lang=de" data-dz-ui="dictentry:showFlecttab" data-dz-flex-table-1="4dkrADn71HeCbYC86wSPgvtmz_-hDVHypCibUApdQIZTe1ZZGmUtAhtX3GoDa1JWpvlLEA3aE2N3flZ_HnLs1z0ALP1VfbMkxplbFSZbNHFTzSb52MLN0k0hLx3QfFVEEDlbBSdb5PGSLMCJvRQ9dIlDuS3Q7dbCl0_79j2dhDbT3YZeHWc" data-dz-flex-label-1="Ruderboot" title="Substantivtabelle öffnen" aria-label="Substantivtabelle öffnen" class="is-clickable"><small><i><span title="Plural">Pl.:</span></i> die Ruderboote</small></a></samp>
<samp>tedious &nbsp;<small><i><span title="Adjektiv">Adj.</span></i></small></samp>	<samp>ermüdend</samp>
<samp>to usher  &nbsp;<a href="/pages/flecttab/flectionTable.php?kvz=4dkrADn71HeCbYCs67UP8lumz53RnXH3B-mrUdpdQIZTe1ZZGnQ9Em5XfxvCK9Jixu2d9SotFSHSa1UpKgTq8ljWP35GLBcjANyN1_5d0mF3O9H4W8G7dAABmOZ&amp;lp=ende&amp;lang=de" data-dz-ui="dictentry:showFlecttab" data-dz-flex-table-1="4dkrADn71HeCbYCs67UP8lumz53RnXH3B-mrUdpdQIZTe1ZZGnQ9Em5XfxvCK9Jixu2d9SotFSHSa1UpKgTq8ljWP35GLBcjANyN1_5d0mF3O9H4W8G7dAABmOZ" data-dz-flex-label-1="usher" title="Verbtabelle öffnen" aria-label="Verbtabelle öffnen" class="is-clickable"><small>|&nbsp;ushered, ushered&nbsp;|</small></a></samp>	<samp>einführen &nbsp;<a href="/pages/flecttab/flectionTable.php?kvz=4dkrADn71HeCbYC86wUP8lumz53RnXJXdzloEOstBOGkWrG9ytJrcsqhmeuQzsYCFVl7YJ1a0BdXrYDZ-wLLkzuWL7uAPsKU5zOLknuWxUEkbpY8PdA-VQ6xfr4WbsZQUon-Vl0al1ZSbcf8TePrI3unD30WvKJxh48VUdo65JICzU0PbVLo1Pjxfz1W6GSCgp28Vug9JJdyi9G5HoLNUlqGuS6ADbAAsFm&amp;lp=ende&amp;lang=de" data-dz-ui="dictentry:showFlecttab" data-dz-flex-table-1="4dkrADn71HeCbYC86wUP8lumz53RnXJXdzloEOstBOGkWrG9ytJrcsqhmeuQzsYCFVl7YJ1a0BdXrYDZ-wLLkzuWL7uAPsKU5zOLknuWxUEkbpY8PdA-VQ6xfr4WbsZQUon-Vl0al1ZSbcf8TePrI3unD30WvKJxh48VUdo65JICzU0PbVLo1Pjxfz1W6GSCgp28Vug9JJdyi9G5HoLNUlqGuS6ADbAAsFm" data-dz-flex-label-1="einführen" title="Verbtabelle öffnen" aria-label="Verbtabelle öffnen" class="is-clickable"><small>|&nbsp;führte ein, eingeführt&nbsp;|</small></a></samp>
<samp>vertigo <span class="repr-domain"><small>[<span title="Medizin">MED.</span>]</small></span></samp>	<samp>das Schwindelgefühl &nbsp;<a href="/pages/flecttab/flectionTable.php?kvz=4dkrADn71HeCbYC86wSPgvtmz_-hDVHy9CnrUDtNRPMzOsAoG5LNkzuWKW6Ab_biQznLMKErKadRnIXu3oPN1y0A7IxWLZfRkXibEbcb1IeXi5Z4bfJrgd1Evx1QvbSEkJ77xx8b1IeHWxa5jBQbkl0hee_2K4SEAR19cGsJwiF0O9H4fVLMHPM&amp;lp=ende&amp;lang=de" data-dz-ui="dictentry:showFlecttab" data-dz-flex-table-1="4dkrADn71HeCbYC86wSPgvtmz_-hDVHy9CnrUDtNRPMzOsAoG5LNkzuWKW6Ab_biQznLMKErKadRnIXu3oPN1y0A7IxWLZfRkXibEbcb1IeXi5Z4bfJrgd1Evx1QvbSEkJ77xx8b1IeHWxa5jBQbkl0hee_2K4SEAR19cGsJwiF0O9H4fVLMHPM" data-dz-flex-label-1="Schwindelgefühl" title="Substantivtabelle öffnen" aria-label="Substantivtabelle öffnen" class="is-clickable"><small><i><span title="Plural">Pl.:</span></i> die Schwindelgefühle</small></a></samp>
<samp>wage</samp>	<samp>der Lohn &nbsp;<a href="/pages/flecttab/flectionTable.php?kvz=4dkrADn71HeCbYC86wSPgvtmz_-hDVHytCk7UAo9QIZTe1ZZGmUtAhtXPGuiS5LgMRytlS3ZIvIH_RfOzmKulS5S7xhQKjJFhztt0d29VBHRjSZ4XfJrBK0H7x0AzRLiIZktgBtOVPEdzSa5TfLrRqvHPz3GrZKQB8998BtNJebUPYZe2yo&amp;lp=ende&amp;lang=de" data-dz-ui="dictentry:showFlecttab" data-dz-flex-table-1="4dkrADn71HeCbYC86wSPgvtmz_-hDVHytCk7UAo9QIZTe1ZZGmUtAhtXPGuiS5LgMRytlS3ZIvIH_RfOzmKulS5S7xhQKjJFhztt0d29VBHRjSZ4XfJrBK0H7x0AzRLiIZktgBtOVPEdzSa5TfLrRqvHPz3GrZKQB8998BtNJebUPYZe2yo" data-dz-flex-label-1="Lohn" title="Substantivtabelle öffnen" aria-label="Substantivtabelle öffnen" class="is-clickable"><small><i><span title="Plural">Pl.:</span></i> die Löhne</small></a></samp>
<samp>wage <span class="repr-domain"><small>[<span title="Finanzwelt">FINAN.</span>]</small></span></samp>	<samp>das Gehalt &nbsp;<a href="/pages/flecttab/flectionTable.php?kvz=4dkrADn71HeCbYC86wSPgvtmz_-hDVHy9CnrUYsNRIMyOsAoG5LNkzuWKW6AaWJYl1l7kb3NQXE0eRZPznMu5V5S334XvRShp8j6sL7LROfCOrZfGye9dMvB_u3268VCx85csG7LVudC-2e_a8IrhKQXXzvE61TCQVkvEO3do2eEugb4vDANYk1&amp;lp=ende&amp;lang=de" data-dz-ui="dictentry:showFlecttab" data-dz-flex-table-1="4dkrADn71HeCbYC86wSPgvtmz_-hDVHy9CnrUYsNRIMyOsAoG5LNkzuWKW6AaWJYl1l7kb3NQXE0eRZPznMu5V5S334XvRShp8j6sL7LROfCOrZfGye9dMvB_u3268VCx85csG7LVudC-2e_a8IrhKQXXzvE61TCQVkvEO3do2eEugb4vDANYk1" data-dz-flex-label-1="Gehalt" title="Substantivtabelle öffnen" aria-label="Substantivtabelle öffnen" class="is-clickable"><small><i><span title="Plural">Pl.:</span></i> die Gehälter</small></a></samp>
<samp>to witness sth.  &nbsp;<a href="/pages/flecttab/flectionTable.php?kvz=4dkrADn71HeCbYCs67UP8lumz53RnXH3d_g7VBpd1ecSnSCoGzStd9kBOSsweiRCU98eEcsK1LHSzlBo-hQ74zjWH35GDBcjANyN1_5d0meH7SF5ilQrBA0iOyo&amp;lp=ende&amp;lang=de" data-dz-ui="dictentry:showFlecttab" data-dz-flex-table-1="4dkrADn71HeCbYCs67UP8lumz53RnXH3d_g7VBpd1ecSnSCoGzStd9kBOSsweiRCU98eEcsK1LHSzlBo-hQ74zjWH35GDBcjANyN1_5d0meH7SF5ilQrBA0iOyo" data-dz-flex-label-1="witness" title="Verbtabelle öffnen" aria-label="Verbtabelle öffnen" class="is-clickable"><small>|&nbsp;witnessed, witnessed&nbsp;|</small></a></samp>	<samp>etw.<small><sup class="noselect"><span title="Akkusativ">Akk.</span></sup></small> miterleben &nbsp;<a href="/pages/flecttab/flectionTable.php?kvz=4dkrADn71HeCbYC86wUP8lumz53RnXJXdzloEOstBOGkWrG9ytJrcsqhmeuQzsYCFVl7YJ1a0BdXrYDZ-wLLkzuWL7uAvsKU1pibkntLxEEkbpY8PdA-VQ6xfr4WbsZQUoP-Vl0al1ZSvlUvrFFtolt2OZ2m3VfTgXiTcfvqBIGl7YZ67aJrUV0Br73TLZUBg9q9UAs9VMfiasZcGwXtQwvHXGAGsmB&amp;lp=ende&amp;lang=de" data-dz-ui="dictentry:showFlecttab" data-dz-flex-table-1="4dkrADn71HeCbYC86wUP8lumz53RnXJXdzloEOstBOGkWrG9ytJrcsqhmeuQzsYCFVl7YJ1a0BdXrYDZ-wLLkzuWL7uAvsKU1pibkntLxEEkbpY8PdA-VQ6xfr4WbsZQUoP-Vl0al1ZSvlUvrFFtolt2OZ2m3VfTgXiTcfvqBIGl7YZ67aJrUV0Br73TLZUBg9q9UAs9VMfiasZcGwXtQwvHXGAGsmB" data-dz-flex-label-1="miterleben" title="Verbtabelle öffnen" aria-label="Verbtabelle öffnen" class="is-clickable"><small>|&nbsp;erlebte mit, miterlebt&nbsp;|</small></a></samp>
